system,surface,frame,state,State,Reason,Final_Bond_Order,Final_Si_Idx,Final_Intramol_Dist,Final_Intramol_HBond_Count,Final_Anchoring_Dist,Final_NH2_SurfaceO_Dist,Final_RiboseOH_SurfaceSilanol_Dist,Final_PhosphateO_SurfaceO_Dist,Final_PhosphateO_SurfaceSi_Dist,Final_PO_Siloxane_COM_Dist,out_file,xyz_file
amp,canonical,frame11,solvated,Free,"No covalent Si-P bond, steric lock, or close surface anchor detected",0.0,,4.841991210436522,0,3.055740447418135,3.240301468251226,3.0858544710511016,3.055740447418135,3.7804147269715083,7.739951885008234,amp_frame11.out,amp_frame11_trj.xyz
amp,canonical,frame11,dry,Surface Anchored,"Nucleobase, ribose, or phosphate contact is within the surface anchoring distance",0.0,,4.843638998420392,0,2.8839080359094442,3.161650148217496,3.062287139921589,2.8839080359094442,3.4633254404690117,7.745022808946791,amp_frame11_dry.out,amp_frame11_dry_trj.xyz
amp,canonical,frame12,solvated,Free,"No covalent Si-P bond, steric lock, or close surface anchor detected",0.0,,4.005940988991602,0,3.2183546484936123,3.407662881280882,4.207240538885243,3.2183546484936123,3.9818864760128405,7.366787001051047,amp_frame12.out,amp_frame12_trj.xyz
amp,canonical,frame12,dry,Covalently Condensed,Si-O(phosphate) Mayer bond order 0.913 exceeds 0.50,0.913,15.0,2.635969355707795,1,2.403510397926417,3.24408320213556,5.2644874505884385,2.403510397926417,1.774078838107979,7.089438953706831,amp_frame12_dry.out,amp_frame12_dry_trj.xyz
amp,canonical,frame12,engrad_dry_first,Sterically Locked,Intramolecular ribose-phosphate contact persists without Si-O(phosphate) bond formation,0.0,,2.635122723483226,1,2.4014262693414556,3.242767146334129,5.240070850458884,2.4014262693414556,1.7740438128608003,7.090814366708477,amp_frame12.out,amp_frame12_dry_trj.xyz
amp,canonical,frame12,engrad_dry_first,Covalently Condensed,Si-O(phosphate) Mayer bond order 0.913 exceeds 0.50,0.9133,15.0,2.635122723483226,1,2.4014262693414556,3.242767146334129,5.240070850458884,2.4014262693414556,1.7740438128608003,7.090814366708477,amp_frame12_dry.out,amp_frame12_dry_trj.xyz
amp,canonical,frame12,engrad_dry_first,Sterically Locked,Intramolecular ribose-phosphate contact persists without Si-O(phosphate) bond formation,0.0,,2.635122723483226,1,2.4014262693414556,3.242767146334129,5.240070850458884,2.4014262693414556,1.7740438128608003,7.090814366708477,amp_frame12_dry_engrad.out,amp_frame12_dry_trj.xyz
amp,canonical,frame12,r2scan,Covalently Condensed,Si-O(phosphate) Mayer bond order 0.896 exceeds 0.50,0.8965,15.0,4.394075872653049,0,2.3760233066484857,3.213441623990426,4.210931989606294,2.3760233066484857,1.7731249798328272,7.060455697561486,amp_frame12_dry_r2scan.out,amp_frame12_dry_r2scan_trj.xyz
amp,canonical,frame15,solvated,Free,"No covalent Si-P bond, steric lock, or close surface anchor detected",0.0,,4.872067357398387,0,3.2349274336048923,3.2349274336048923,3.3683436825489728,3.3377962625269486,3.999837061873137,7.047378497661196,amp_frame15.out,amp_frame15_trj.xyz
amp,aluminium,frame15,solvated,Sterically Locked,Intramolecular ribose-phosphate contact persists without Si-O(phosphate) bond formation,0.0,,2.5568940404171574,1,3.235293466855439,3.3005482284949546,3.6057029873802855,3.235293466855439,3.3611346622875775,6.824882486969698,amp_al_frame15.out,amp_al_frame15_trj.xyz
amp,aluminium,frame15,dry,Covalently Condensed,Si-O(phosphate) Mayer bond order 0.859 exceeds 0.50,0.8588,69.0,2.818409929480371,1,2.37299529475216,3.2104587393968416,3.164732068212283,2.37299529475216,1.7884576350478743,6.468485352267249,amp_al_frame15_dry.out,amp_al_frame15_dry_trj.xyz
amp,aluminium,frame16,solvated,Surface Anchored,"Nucleobase, ribose, or phosphate contact is within the surface anchoring distance",0.0,,4.819237708446313,0,2.7208548653840046,3.222869705009882,2.7208548653840046,3.221356598226008,3.932325182767374,7.699728031226099,amp_al_frame16.out,amp_al_frame16_trj.xyz
amp,aluminium,frame16,dry,Surface Anchored,"Nucleobase, ribose, or phosphate contact is within the surface anchoring distance",0.0,,4.855042409087969,0,2.8325606832949246,3.11275054346127,2.8325606832949246,3.308429735850211,3.9856303912166795,7.532252167479696,amp_al_frame16_dry.out,amp_al_frame16_dry_trj.xyz
cmp,canonical,frame14,solvated,Free,"No covalent Si-P bond, steric lock, or close surface anchor detected",0.0,,4.696732542943951,0,3.114270240677989,3.3104877395341097,3.114270240677989,3.1804572480186897,3.3779163310577975,5.495044060113333,cmp_frame14.out,cmp_frame14_trj.xyz
cmp,canonical,frame14,dry,Covalently Condensed,Si-O(phosphate) Mayer bond order 0.661 exceeds 0.50,0.6611,16.0,4.807061388929022,0,2.395870498982114,3.0514031200443252,3.2900508794787755,2.395870498982114,1.9292743819321194,4.547471625560289,cmp_frame14_dry.out,cmp_frame14_dry_trj.xyz
cmp,canonical,frame15,solvated,Free,"No covalent Si-P bond, steric lock, or close surface anchor detected",0.0,,4.437890048543346,0,3.18298521666624,3.18298521666624,4.967108011972093,3.190234557783562,3.544103888155175,5.244451649794853,cmp_frame15.out,cmp_frame15_trj.xyz
cmp,canonical,frame15,dry,Surface Anchored,"Nucleobase, ribose, or phosphate contact is within the surface anchoring distance",0.0,,4.317621694105363,0,2.771682713754263,3.0452865240419067,5.110287901820835,2.771682713754263,2.8574481083487155,4.512878011477034,cmp_frame15_dry.out,cmp_frame15_dry_trj.xyz
cmp,aluminium,frame14,solvated,Surface Anchored,"Nucleobase, ribose, or phosphate contact is within the surface anchoring distance",0.0,,4.715375880102913,0,2.9331629014789407,3.3510002558964227,3.597240821455027,2.9331629014789407,3.5738031159331314,7.875176934645507,cmp_al_frame14.out,cmp_al_frame14_trj.xyz
cmp,aluminium,frame14,dry,Surface Anchored,"Nucleobase, ribose, or phosphate contact is within the surface anchoring distance",0.0,,4.715910426090516,0,2.9310507568053583,3.353970127735632,3.5946319099250212,2.9310507568053583,3.5704152456336,7.8779446652669884,cmp_al_frame14_dry.out,cmp_al_frame14_dry_trj.xyz
cmp,aluminium,frame15,solvated,Surface Anchored,"Nucleobase, ribose, or phosphate contact is within the surface anchoring distance",0.0,,4.725427782220359,0,2.9781641514951,3.327749367011349,3.689859096714092,2.9781641514951,3.603646702664074,5.324093247809929,cmp_al_frame15.out,cmp_al_frame15_trj.xyz
cmp,aluminium,frame15,dry,Surface Anchored,"Nucleobase, ribose, or phosphate contact is within the surface anchoring distance",0.0,,4.780319370389142,0,2.8768906363885143,3.3154600075387384,3.4823588989874,2.8768906363885143,3.0210422730743276,5.383865904999198,cmp_al_frame15_dry.out,cmp_al_frame15_dry_trj.xyz
gmp,canonical,frame15,solvated,Free,"No covalent Si-P bond, steric lock, or close surface anchor detected",0.0,,4.799903448868601,0,3.150508949274168,3.150508949274168,3.222550629070606,3.455135912310828,3.8265484052046976,5.022354257629517,gmp_frame15.out,gmp_frame15_trj.xyz
gmp,canonical,frame15,dry,Surface Anchored,"Nucleobase, ribose, or phosphate contact is within the surface anchoring distance",0.0,,4.849230796416971,0,2.868373085743339,3.170478236574491,4.343396873540169,2.868373085743339,2.9560177990017906,4.725452661316799,gmp_frame15_dry.out,gmp_frame15_dry_trj.xyz
gmp,canonical,frame16,solvated,Free,"No covalent Si-P bond, steric lock, or close surface anchor detected",0.0,,4.798866500645682,0,3.2761321951960585,3.3840476090894387,3.2761321951960585,3.575613596491757,4.2314860256723374,7.148917227144667,gmp_frame16.out,gmp_frame16_trj.xyz
gmp,canonical,frame16,dry,Covalently Condensed,Si-O(phosphate) Mayer bond order 0.666 exceeds 0.50,0.6664,14.0,4.780905341489042,0,2.3840132132223397,3.121928890325521,3.027700385972253,2.3840132132223397,1.9356355969273353,6.243207032145686,gmp_frame16_dry.out,gmp_frame16_dry_trj.xyz
gmp,canonical,frame16,unconstrained,Free,"No covalent Si-P bond, steric lock, or close surface anchor detected",0.0,,4.767134140671406,0,3.3417996763328977,3.3827672609204438,3.3417996763328977,3.49033034877823,3.801934682635638,7.381512045605551,gmp_frame16.out,gmp_frame16_trj.xyz
gmp,aluminium,frame35,solvated,Surface Anchored,"Nucleobase, ribose, or phosphate contact is within the surface anchoring distance",0.0,,4.802930000430776,0,2.8298536005879975,2.9804819472510826,3.06218081022122,2.8298536005879975,3.753415898332295,8.255199288479105,gmp_al_frame35.out,gmp_al_frame35_trj.xyz
gmp,aluminium,frame35,dry,Surface Anchored,"Nucleobase, ribose, or phosphate contact is within the surface anchoring distance",0.0,,3.968206981614696,0,2.526146022777513,3.1550432036688325,2.8894095765653547,2.526146022777513,3.6655863643027398,11.265774452586934,gmp_al_frame35_dry.out,gmp_al_frame35_dry_trj.xyz
gmp,aluminium,frame59,solvated,Surface Anchored,"Nucleobase, ribose, or phosphate contact is within the surface anchoring distance",0.0,,4.0073274652447655,0,2.8855285790203404,3.279465352339799,2.9852188000610194,2.8855285790203404,3.6048300060258995,6.962480944289608,gmp_al_frame59.out,gmp_al_frame59_trj.xyz
gmp,aluminium,frame59,dry,Covalently Condensed,Si-O(phosphate) Mayer bond order 0.918 exceeds 0.50,0.9178,57.0,4.10553723709847,0,2.373967029658181,3.1854305853501894,2.8950630742953383,2.373967029658181,1.7898547244987448,6.051992247783529,gmp_al_frame59_dry.out,gmp_al_frame59_dry_trj.xyz
ump,canonical,frame14,solvated,Surface Anchored,"Nucleobase, ribose, or phosphate contact is within the surface anchoring distance",0.0,,6.751444560657888,0,2.4657962503683297,inf,2.6369479595497145,2.4657962503683297,3.707857820446574,7.3420852735017785,ump_frame14.out,ump_frame14_trj.xyz
ump,canonical,frame14,dry,Covalently Condensed,Si-O(phosphate) Mayer bond order 0.952 exceeds 0.50,0.9522,15.0,6.374225069014645,0,2.374747580060477,inf,2.631823615556168,2.374747580060477,1.754060683030729,6.347536517225772,ump_frame14_dry.out,ump_frame14_dry_trj.xyz
ump,canonical,frame15,solvated,Surface Anchored,"Nucleobase, ribose, or phosphate contact is within the surface anchoring distance",0.0,,6.539518088133897,0,2.4831322463080387,inf,2.7363060189054553,2.4831322463080387,3.928699726126662,5.22939914446091,ump_frame15.out,ump_frame15_trj.xyz
ump,canonical,frame15,dry,Covalently Condensed,Si-O(phosphate) Mayer bond order 0.936 exceeds 0.50,0.9363,16.0,6.604716694994132,0,2.3960699804043903,inf,2.6421300522084277,2.3960699804043903,1.7619263499872257,5.227072307377276,ump_frame15_dry.out,ump_frame15_dry_trj.xyz
ump,canonical,frame15,unconstrained,Surface Anchored,"Nucleobase, ribose, or phosphate contact is within the surface anchoring distance",0.0,,6.517566132491695,0,2.4895175151086932,inf,2.7026600810854617,2.4895175151086932,3.8201136352465794,4.499982412032319,ump_frame15.out,ump_frame15_trj.xyz
ump,canonical,frame16,solvated,Surface Anchored,"Nucleobase, ribose, or phosphate contact is within the surface anchoring distance",0.0,,6.422489602216168,0,2.498855171391602,inf,2.6450762840066977,2.498855171391602,3.912449332269995,5.28483647099755,ump_frame16.out,ump_frame16_trj.xyz
ump,canonical,frame16,dry,Covalently Condensed,Si-O(phosphate) Mayer bond order 0.940 exceeds 0.50,0.94,46.0,6.610190819669786,0,2.3923598317045704,inf,2.6402449323079247,2.3923598317045704,1.7590247294338943,5.243371687589193,ump_frame16_dry.out,ump_frame16_dry_trj.xyz
ump,canonical,frame16,dry,Surface Anchored,"Nucleobase, ribose, or phosphate contact is within the surface anchoring distance",0.0,,6.610190819669786,0,2.3923598317045704,inf,2.6402449323079247,2.3923598317045704,1.7590247294338943,5.243371687589193,ump_frame16_dry_engrad.out,ump_frame16_dry_trj.xyz
ump,aluminium,frame14,solvated,Surface Anchored,"Nucleobase, ribose, or phosphate contact is within the surface anchoring distance",0.0,,6.737453225049041,0,2.471876388772321,inf,2.647586471414906,2.471876388772321,6.014017321325609,11.5459644609189,ump_al_frame14.out,ump_al_frame14_trj.xyz
ump,aluminium,frame14,dry,Surface Anchored,"Nucleobase, ribose, or phosphate contact is within the surface anchoring distance",0.0,,6.104231062829089,0,2.460071070982959,inf,2.6434783613517405,2.460071070982959,3.712946502748083,10.903715026914151,ump_al_frame14_dry.out,ump_al_frame14_dry_trj.xyz
ump,aluminium,frame15,solvated,Surface Anchored,"Nucleobase, ribose, or phosphate contact is within the surface anchoring distance",0.0,,6.294947780731953,0,2.481850030808241,inf,2.640442586359272,2.481850030808241,4.312576230958488,6.371109744228794,ump_al_frame15.out,ump_al_frame15_trj.xyz
ump,aluminium,frame15,dry,Covalently Condensed,Si-O(phosphate) Mayer bond order 0.896 exceeds 0.50,0.8964,0.0,6.40200628796801,0,2.343666512672454,inf,2.633409726445861,2.343666512672454,1.7873658405088517,7.661055979237204,ump_al_frame15_dry.out,ump_al_frame15_dry_trj.xyz
amp_protonated,canonical,frame02,solvated,Surface Anchored,"Nucleobase, ribose, or phosphate contact is within the surface anchoring distance",0.0,,4.717705138461043,0,2.9146094976878882,3.219801056559308,2.9146094976878882,3.6506242070483124,4.146340674415545,4.265719578637164,amp_prot02.out,amp_prot02_trj.xyz
amp_protonated,canonical,frame02,dry,Covalently Condensed,Si-O(phosphate) Mayer bond order 0.885 exceeds 0.50,0.8848,43.0,4.779514724518805,0,2.399677740806518,2.9188219203379853,2.9986505955926144,2.399677740806518,1.7670575698780882,3.821338720106138,amp_prot02_dry.out,amp_prot02_dry_trj.xyz
amp_protonated,canonical,frame10,solvated,Free,"No covalent Si-P bond, steric lock, or close surface anchor detected",0.0,,4.771133142929838,0,3.052140934018102,3.2541563934605504,3.219835731429422,3.052140934018102,3.8509303158761354,7.301540814434214,amp_prot10.out,amp_prot10_trj.xyz
amp_protonated,canonical,frame10,dry,Surface Anchored,"Nucleobase, ribose, or phosphate contact is within the surface anchoring distance",0.0,,4.770841028298838,0,2.944681964731129,3.1290897450346713,3.376577820144998,2.944681964731129,3.1278267576895344,7.361499690590756,amp_prot10_dry.out,amp_prot10_dry_trj.xyz
amp_protonated,aluminium,frame12,solvated,Surface Anchored,"Nucleobase, ribose, or phosphate contact is within the surface anchoring distance",0.0,,4.715878079681605,0,2.735167365304588,3.1345718156472477,2.735167365304588,3.6085922997134268,4.4003823888520905,8.755363455851754,amp_al_frame12.out,amp_al_prot_frame12_trj.xyz
amp_protonated,aluminium,frame12,dry,Surface Anchored,"Nucleobase, ribose, or phosphate contact is within the surface anchoring distance",0.0,,4.716156794149144,0,2.4072342139848115,2.9128779903112747,3.8543050549322264,2.4072342139848115,3.9241958485392985,11.056906825005413,amp_al_frame12_dry.out,amp_al_prot_frame12_dry_trj.xyz
amp_protonated,aluminium,frame14,solvated,Surface Anchored,"Nucleobase, ribose, or phosphate contact is within the surface anchoring distance",0.0,,4.32112605873924,0,2.8040300956748196,3.1461361990153347,4.519616225169852,2.8040300956748196,3.8454189445639515,11.485880417229318,amp_al_frame14.out,amp_al_prot_frame14_trj.xyz
amp_protonated,aluminium,frame14,dry,Surface Anchored,"Nucleobase, ribose, or phosphate contact is within the surface anchoring distance",0.0,,3.3141459991116164,0,2.6076878819658913,2.8571427642190708,3.367020429735982,2.6076878819658913,3.4230583713516474,12.296143248168788,amp_al_frame14_dry.out,amp_al_frame14_dry_trj.xyz
amp_protonated,aluminium,frame14,dry_first_accident,Covalently Condensed,Si-O(phosphate) Mayer bond order 0.583 exceeds 0.50,0.5828,8.0,4.45018638196918,0,2.342721101518587,2.823715780104084,4.269270342543059,2.342721101518587,2.01000279474025,7.997823696160736,amp_al_frame14.out,amp_al_frame14_trj.xyz
amp_protonated,aluminium,frame16,solvated,Free,"No covalent Si-P bond, steric lock, or close surface anchor detected",0.0,,4.704144236467904,0,3.258302688503449,3.258302688503449,3.727667606745476,3.603827895735856,4.192244616065973,5.90597094674945,amp_al_frame16.out,amp_al_frame16_trj.xyz
cmp_protonated,canonical,frame09,solvated,Surface Anchored,"Nucleobase, ribose, or phosphate contact is within the surface anchoring distance",0.0,,4.724657674664138,0,2.938221955730186,3.216819073192767,3.324810339026228,2.938221955730186,3.6872631364494888,6.671784441698182,cmp_prot09.out,cmp_prot09_trj.xyz
cmp_protonated,canonical,frame09,dry,Covalently Condensed,Si-O(phosphate) Mayer bond order 0.852 exceeds 0.50,0.8518,45.0,4.302432110514773,0,2.3920621056192233,3.0501127055008674,3.2470055967726354,2.3920621056192233,1.8084931651134568,6.007583653339158,cmp_prot09_dry.out,cmp_prot09_dry_trj.xyz
cmp_protonated,canonical,frame11,solvated,Surface Anchored,"Nucleobase, ribose, or phosphate contact is within the surface anchoring distance",0.0,,4.710033129522091,0,2.918495091491472,3.2454489291116726,3.4726597053173887,2.918495091491472,3.783155832437419,7.991926313737459,cmp_prot11.out,cmp_prot11_trj.xyz
cmp_protonated,canonical,frame11,dry,Covalently Condensed,Si-O(phosphate) Mayer bond order 0.901 exceeds 0.50,0.9009,44.0,4.792438057858871,0,2.3978997670346494,2.8539778994817526,3.3477698408772136,2.3978997670346494,1.7800863445018502,6.483059072798621,cmp_prot11_dry.out,cmp_prot11_dry_trj.xyz
cmp_protonated,aluminium,frame02,solvated,Surface Anchored,"Nucleobase, ribose, or phosphate contact is within the surface anchoring distance",0.0,,4.6835209682080166,0,2.906195425155281,3.2077723451002234,3.5918476610567946,2.906195425155281,3.5534755066877435,8.064249935093159,cmp_prot_al_frame02.out,cmp_prot_al_frame02_trj.xyz
cmp_protonated,aluminium,frame02,dry,Surface Anchored,"Nucleobase, ribose, or phosphate contact is within the surface anchoring distance",0.0,,4.675417451756483,0,2.9545782276282,2.9545782276282,3.0841369844137874,3.10258771041506,3.590494459046806,8.812728703659696,cmp_prot_al_frame02_dry.out,cmp_prot_al_frame02_dry_trj.xyz
cmp_protonated,aluminium,frame03,solvated,Surface Anchored,"Nucleobase, ribose, or phosphate contact is within the surface anchoring distance",0.0,,4.714137250189761,0,2.937452185764692,3.141693318491551,3.5228931970479027,2.937452185764692,3.768529702516469,5.283580058636246,cmp_prot_al_frame03.out,cmp_prot_al_frame03_trj.xyz
cmp_protonated,aluminium,frame03,dry,Free,"No covalent Si-P bond, steric lock, or close surface anchor detected",0.0,,4.771809643893183,0,3.0320714658477588,3.0320714658477588,3.334736647900921,3.1387438617891004,3.670324419407661,4.620451418879457,cmp_prot_al_frame03_dry.out,cmp_prot_al_frame03_dry_trj.xyz
amp_dimer,canonical,frame13,solvated,Surface Anchored,"Nucleobase, ribose, or phosphate contact is within the surface anchoring distance",0.0,,5.096609860259542,0,2.502561811056266,3.165805959195745,3.1956552621608623,2.502561811056266,3.901375045772515,6.387095632633759,amp_dimer_frame13.out,amp_dimer_frame13_trj.xyz
amp_dimer,canonical,frame15,solvated,Surface Anchored,"Nucleobase, ribose, or phosphate contact is within the surface anchoring distance",0.0,,5.1099090206116635,0,2.4946231731064077,3.2979253598869174,4.35552111918576,2.4946231731064077,4.235856312230229,4.831554096026184,amp_dimer_frame15.out,amp_dimer_frame15_trj.xyz
amp_dimer,canonical,,supporting,Surface Anchored,"Nucleobase, ribose, or phosphate contact is within the surface anchoring distance",0.0,,5.0574124437252115,0,2.505171143080332,3.189206538187839,2.9710793053186237,2.505171143080332,3.6045819612795316,7.6736933001355805,amp_dimer_gfn_frame03.out,amp_dimer_gfn_frame03_trj.xyz
amp_dimer,canonical,,supporting,Covalently Condensed,Si-O(phosphate) Mayer bond order 0.934 exceeds 0.50,0.9337,69.0,5.0574124437252115,0,2.505171143080332,3.189206538187839,2.9710793053186237,2.505171143080332,3.6045819612795316,7.6736933001355805,amp_dimer_gfn_frame03_dry.out,amp_dimer_gfn_frame03_trj.xyz
amp_dimer,canonical,,supporting,Surface Anchored,"Nucleobase, ribose, or phosphate contact is within the surface anchoring distance",0.0,,5.0574124437252115,0,2.505171143080332,3.189206538187839,2.9710793053186237,2.505171143080332,3.6045819612795316,7.6736933001355805,amp_dimer_gfn_frame04.out,amp_dimer_gfn_frame03_trj.xyz
amp_dimer,canonical,,supporting,Covalently Condensed,Si-O(phosphate) Mayer bond order 0.816 exceeds 0.50,0.8164,44.0,5.0574124437252115,0,2.505171143080332,3.189206538187839,2.9710793053186237,2.505171143080332,3.6045819612795316,7.6736933001355805,amp_dimer_gfn_frame04_dry.out,amp_dimer_gfn_frame03_trj.xyz
amp_dimer,canonical,,supporting,Surface Anchored,"Nucleobase, ribose, or phosphate contact is within the surface anchoring distance",0.0,,5.0574124437252115,0,2.505171143080332,3.189206538187839,2.9710793053186237,2.505171143080332,3.6045819612795316,7.6736933001355805,amp_dimer_geom.out,amp_dimer_gfn_frame03_trj.xyz
